W = 0.008,W = -0.008,W = -0.0002,W = 0.0002,W = 0.0
0.966214,1.041829,0.999205,0.997304,0.998251
0.962073,1.036401,0.99444,0.992572,0.993502
0.957963,1.031019,0.989714,0.987878,0.988793
0.953884,1.02568,0.985027,0.983223,0.984122
0.949836,1.020386,0.980379,0.978606,0.979489
0.945818,1.015135,0.975768,0.974027,0.974894
0.94183,1.009929,0.971196,0.969485,0.970337
0.937872,1.004766,0.966661,0.964981,0.965817
0.933944,0.999646,0.962163,0.960513,0.961335
0.930045,0.994569,0.957703,0.956083,0.956889
0.926175,0.989536,0.953278,0.951688,0.95248
0.922334,0.984545,0.948891,0.947329,0.948107
0.918522,0.979596,0.944539,0.943007,0.94377
0.914738,0.97469,0.940224,0.938719,0.939468
0.910981,0.969825,0.935943,0.934467,0.935202
0.907253,0.965003,0.931698,0.93025,0.930971
0.903552,0.960221,0.927488,0.926067,0.926774
0.899878,0.955481,0.923313,0.921918,0.922612
0.896232,0.950782,0.919171,0.917803,0.918484
0.892612,0.946123,0.915064,0.913722,0.91439
0.889018,0.941505,0.91099,0.909675,0.910329
0.885451,0.936926,0.90695,0.90566,0.906302
0.881909,0.932387,0.902943,0.901678,0.902307
0.878394,0.927887,0.898968,0.897728,0.898345
0.874903,0.923427,0.895026,0.89381,0.894415
0.871438,0.919005,0.891116,0.889924,0.890517
0.867998,0.914621,0.887238,0.88607,0.886651
0.864583,0.910276,0.883391,0.882247,0.882816
0.861192,0.905968,0.879576,0.878454,0.879012
0.857825,0.901698,0.875791,0.874692,0.875239
0.854483,0.897465,0.872037,0.870961,0.871496
0.851164,0.893269,0.868313,0.867259,0.867783
0.847869,0.889109,0.86462,0.863587,0.8641
0.844597,0.884985,0.860955,0.859944,0.860447
0.841348,0.880897,0.857321,0.856331,0.856823
0.838121,0.876844,0.853715,0.852746,0.853228
0.834918,0.872827,0.850138,0.849189,0.849661
0.831737,0.868844,0.84659,0.845661,0.846123
0.828578,0.864896,0.84307,0.842161,0.842613
0.825441,0.860982,0.839578,0.838688,0.83913
0.822326,0.857101,0.836113,0.835243,0.835675
0.819232,0.853255,0.832676,0.831825,0.832248
0.81616,0.849441,0.829266,0.828433,0.828847
0.813109,0.84566,0.825882,0.825068,0.825473
0.810078,0.841911,0.822525,0.821729,0.822125
0.807069,0.838194,0.819195,0.818416,0.818803
0.804079,0.83451,0.81589,0.815129,0.815507
0.801111,0.830856,0.812611,0.811867,0.812237
0.798162,0.827234,0.809357,0.80863,0.808991
0.795233,0.823643,0.806129,0.805418,0.805771
0.792324,0.820082,0.802925,0.802231,0.802576
0.789434,0.816551,0.799746,0.799068,0.799405
0.786564,0.81305,0.796591,0.795929,0.796258
0.783712,0.809579,0.79346,0.792814,0.793135
0.78088,0.806136,0.790354,0.789722,0.790036
0.778067,0.802723,0.78727,0.786654,0.78696
0.775272,0.799338,0.78421,0.783609,0.783907
0.772495,0.795982,0.781173,0.780586,0.780878
0.769737,0.792653,0.778159,0.777587,0.777871
0.766996,0.789352,0.775168,0.774609,0.774886
0.764274,0.786078,0.772199,0.771654,0.771924
0.761569,0.782832,0.769252,0.76872,0.768984
0.758882,0.779612,0.766326,0.765808,0.766065
0.756212,0.776418,0.763423,0.762918,0.763168
0.753559,0.773251,0.760541,0.760049,0.760293
0.750923,0.77011,0.75768,0.7572,0.757438
0.748304,0.766994,0.754839,0.754373,0.754604
0.745702,0.763903,0.75202,0.751565,0.751791
0.743116,0.760838,0.749221,0.748779,0.748998
0.740547,0.757797,0.746443,0.746012,0.746225
0.737994,0.754781,0.743684,0.743265,0.743473
0.735457,0.751788,0.740945,0.740537,0.74074
0.732935,0.74882,0.738226,0.73783,0.738026
0.73043,0.745875,0.735527,0.735141,0.735332
0.72794,0.742954,0.732846,0.732471,0.732657
0.725466,0.740056,0.730185,0.72982,0.730001
0.723007,0.73718,0.727542,0.727188,0.727363
0.720563,0.734328,0.724918,0.724574,0.724745
0.718134,0.731497,0.722312,0.721979,0.722144
0.71572,0.728689,0.719725,0.719401,0.719562
0.713321,0.725902,0.717156,0.716842,0.716997
0.710937,0.723137,0.714604,0.7143,0.71445
0.708566,0.720393,0.71207,0.711775,0.711921
0.706211,0.717671,0.709554,0.709268,0.709409
0.703869,0.714969,0.707055,0.706778,0.706915
0.701542,0.712288,0.704573,0.704305,0.704437
0.699228,0.709627,0.702108,0.701848,0.701976
0.696929,0.706987,0.699659,0.699408,0.699532
0.694643,0.704366,0.697227,0.696985,0.697105
0.692371,0.701765,0.694812,0.694578,0.694693
0.690112,0.699184,0.692413,0.692187,0.692298
0.687866,0.696622,0.69003,0.689811,0.689919
0.685634,0.694079,0.687662,0.687452,0.687556
0.683415,0.691555,0.685311,0.685108,0.685208
0.681208,0.689049,0.682975,0.68278,0.682876
0.679015,0.686562,0.680655,0.680466,0.680559
0.676834,0.684093,0.678349,0.678168,0.678257
0.674666,0.681642,0.676059,0.675885,0.675971
0.672511,0.679209,0.673784,0.673617,0.673699
0.670368,0.676793,0.671523,0.671363,0.671442
0.668237,0.674395,0.669278,0.669124,0.669199
0.666118,0.672014,0.667046,0.666899,0.666971
0.664012,0.66965,0.664829,0.664689,0.664758
0.661918,0.667303,0.662626,0.662492,0.662558
0.659835,0.664973,0.660438,0.66031,0.660372
0.657764,0.662659,0.658263,0.658141,0.658201
0.655705,0.660361,0.656102,0.655986,0.656043
0.653658,0.65808,0.653954,0.653844,0.653898
0.651621,0.655814,0.651821,0.651716,0.651767
0.649597,0.653565,0.6497,0.649601,0.649649
0.647583,0.65133,0.647593,0.647499,0.647545
0.645581,0.649112,0.645499,0.645411,0.645453
0.64359,0.646908,0.643417,0.643335,0.643375
0.64161,0.64472,0.641349,0.641272,0.641309
0.639641,0.642546,0.639293,0.639221,0.639256
0.637682,0.640388,0.63725,0.637183,0.637216
0.635735,0.638244,0.63522,0.635158,0.635188
0.633798,0.636114,0.633202,0.633144,0.633172
0.631871,0.633999,0.631196,0.631143,0.631168
0.629955,0.631898,0.629202,0.629154,0.629177
0.628049,0.62981,0.62722,0.627177,0.627197
0.626154,0.627737,0.62525,0.625211,0.62523
0.624269,0.625677,0.623292,0.623257,0.623274
0.622394,0.623631,0.621346,0.621315,0.621329
0.620529,0.621599,0.619411,0.619385,0.619397
0.618674,0.619579,0.617488,0.617465,0.617475
0.616829,0.617573,0.615575,0.615557,0.615565
0.614993,0.61558,0.613675,0.61366,0.613666
0.613168,0.6136,0.611785,0.611774,0.611779
0.611351,0.611632,0.609906,0.6099,0.609902
0.609545,0.609677,0.608038,0.608035,0.608036
0.607748,0.607734,0.606182,0.606182,0.606181
0.60596,0.605804,0.604335,0.60434,0.604336
0.604182,0.603886,0.6025,0.602507,0.602503
0.602413,0.60198,0.600675,0.600686,0.600679
0.600654,0.600086,0.59886,0.598875,0.598866
0.598903,0.598204,0.597056,0.597074,0.597064
0.597161,0.596334,0.595262,0.595283,0.595271
0.595429,0.594475,0.593478,0.593502,0.593489
0.593705,0.592628,0.591704,0.591731,0.591717
0.59199,0.590792,0.58994,0.58997,0.589954
0.590284,0.588967,0.588186,0.588219,0.588202
0.588586,0.587154,0.586442,0.586478,0.586459
0.586898,0.585351,0.584708,0.584746,0.584726
0.585217,0.58356,0.582983,0.583024,0.583003
0.583546,0.581779,0.581267,0.581312,0.581289
0.581882,0.580009,0.579561,0.579609,0.579584
0.580227,0.57825,0.577865,0.577915,0.577889
0.578581,0.576501,0.576178,0.57623,0.576203
0.576942,0.574763,0.5745,0.574555,0.574526
0.575312,0.573034,0.572831,0.572888,0.572859
0.57369,0.571317,0.571171,0.571231,0.5712
0.572076,0.569609,0.56952,0.569582,0.56955
0.57047,0.567911,0.567878,0.567942,0.56791
0.568872,0.566223,0.566245,0.566312,0.566278
0.567282,0.564545,0.564621,0.564689,0.564654
0.5657,0.562877,0.563005,0.563076,0.56304
0.564125,0.561218,0.561398,0.561471,0.561433
0.562558,0.559569,0.559799,0.559874,0.559836
0.560999,0.557929,0.558209,0.558286,0.558247
0.559447,0.556299,0.556627,0.556706,0.556666
0.557903,0.554678,0.555054,0.555135,0.555093
0.556367,0.553066,0.553488,0.553571,0.553529
0.554838,0.551463,0.551931,0.552016,0.551973
0.553316,0.549869,0.550382,0.550469,0.550425
0.551802,0.548284,0.548841,0.54893,0.548885
0.550294,0.546708,0.547308,0.547398,0.547353
0.548794,0.545141,0.545783,0.545875,0.545828
0.547302,0.543583,0.544266,0.544359,0.544312
0.545816,0.542033,0.542757,0.542851,0.542803
0.544337,0.540491,0.541255,0.541351,0.541302
0.542866,0.538959,0.539761,0.539859,0.539809
0.541401,0.537434,0.538274,0.538374,0.538323
0.539944,0.535918,0.536795,0.536896,0.536845
0.538493,0.53441,0.535324,0.535426,0.535374
0.537049,0.53291,0.53386,0.533963,0.533911
0.535612,0.531419,0.532403,0.532508,0.532455
0.534181,0.529935,0.530954,0.53106,0.531006
0.532758,0.528459,0.529511,0.529619,0.529565
0.53134,0.526991,0.528076,0.528185,0.52813
0.52993,0.525531,0.526648,0.526759,0.526703
0.528526,0.524079,0.525228,0.525339,0.525283
0.527128,0.522634,0.523814,0.523926,0.523869
0.525737,0.521197,0.522407,0.522521,0.522463
0.524353,0.519768,0.521007,0.521122,0.521064
0.522974,0.518346,0.519614,0.51973,0.519671
0.521602,0.516931,0.518227,0.518344,0.518285
0.520237,0.515524,0.516848,0.516966,0.516906
0.518877,0.514124,0.515475,0.515594,0.515534
0.517524,0.512732,0.514109,0.514229,0.514168
0.516177,0.511346,0.512749,0.51287,0.512809
0.514836,0.509968,0.511396,0.511518,0.511456
0.513501,0.508596,0.510049,0.510172,0.51011
0.512173,0.507232,0.508709,0.508833,0.50877
0.51085,0.505874,0.507375,0.5075,0.507437
0.509533,0.504524,0.506048,0.506173,0.50611
0.508222,0.50318,0.504727,0.504853,0.504789
0.506917,0.501843,0.503412,0.503539,0.503475
0.505617,0.500513,0.502103,0.502231,0.502167
0.504324,0.499189,0.500801,0.500929,0.500864
0.503036,0.497872,0.499504,0.499634,0.499568
0.501754,0.496561,0.498214,0.498344,0.498279
0.500478,0.495257,0.49693,0.49706,0.496995
0.499207,0.49396,0.495651,0.495783,0.495717
0.497942,0.492669,0.494379,0.494511,0.494445
0.496683,0.491384,0.493113,0.493245,0.493178
0.495429,0.490105,0.491852,0.491985,0.491918
0.49418,0.488833,0.490597,0.490731,0.490664
0.492937,0.487567,0.489348,0.489483,0.489415
0.4917,0.486307,0.488105,0.48824,0.488172
0.490468,0.485053,0.486867,0.487003,0.486935
0.489241,0.483805,0.485635,0.485771,0.485703
0.48802,0.482563,0.484409,0.484546,0.484477
0.486804,0.481327,0.483188,0.483325,0.483256
0.485593,0.480097,0.481973,0.48211,0.482041
0.484387,0.478873,0.480763,0.480901,0.480832
0.483187,0.477654,0.479559,0.479697,0.479628
0.481991,0.476442,0.47836,0.478499,0.478429
0.480801,0.475235,0.477166,0.477306,0.477236
0.479616,0.474033,0.475978,0.476118,0.476048
0.478436,0.472838,0.474795,0.474936,0.474865
0.477261,0.471648,0.473618,0.473758,0.473688
0.476091,0.470463,0.472445,0.472586,0.472515
0.474926,0.469284,0.471278,0.471419,0.471348
0.473766,0.468111,0.470116,0.470258,0.470187
0.472611,0.466943,0.468959,0.469101,0.46903
0.471461,0.46578,0.467807,0.46795,0.467878
0.470315,0.464623,0.466661,0.466803,0.466732
0.469175,0.463471,0.465519,0.465662,0.46559
0.468039,0.462324,0.464382,0.464525,0.464453
0.466908,0.461182,0.46325,0.463394,0.463322
0.465782,0.460046,0.462124,0.462267,0.462195
0.46466,0.458915,0.461002,0.461145,0.461073
0.463543,0.457789,0.459884,0.460028,0.459956
0.462431,0.456668,0.458772,0.458916,0.458844
0.461323,0.455552,0.457665,0.457809,0.457736
0.46022,0.454441,0.456562,0.456707,0.456634
0.459122,0.453335,0.455464,0.455609,0.455536
0.458028,0.452234,0.454371,0.454516,0.454443
0.456938,0.451138,0.453282,0.453427,0.453354
0.455853,0.450046,0.452198,0.452343,0.45227
0.454773,0.44896,0.451118,0.451264,0.451191
0.453697,0.447878,0.450044,0.450189,0.450116
0.452625,0.446801,0.448973,0.449119,0.449046
0.451558,0.445729,0.447907,0.448053,0.44798
0.450495,0.444662,0.446846,0.446992,0.446919
0.449436,0.443599,0.445789,0.445935,0.445862
0.448382,0.442541,0.444737,0.444883,0.44481
0.447332,0.441487,0.443689,0.443835,0.443762
0.446286,0.440438,0.442645,0.442792,0.442718
0.445245,0.439394,0.441606,0.441752,0.441679
0.444207,0.438354,0.440571,0.440717,0.440644
0.443174,0.437318,0.43954,0.439687,0.439613
0.442145,0.436287,0.438514,0.43866,0.438587
0.44112,0.43526,0.437492,0.437638,0.437565
0.440099,0.434238,0.436474,0.43662,0.436547
0.439082,0.43322,0.43546,0.435607,0.435533
0.43807,0.432206,0.43445,0.434597,0.434523
0.437061,0.431197,0.433445,0.433592,0.433518
0.436056,0.430192,0.432443,0.43259,0.432516
0.435056,0.429191,0.431446,0.431593,0.431519
0.434059,0.428195,0.430453,0.4306,0.430526
0.433066,0.427202,0.429464,0.42961,0.429537
0.432078,0.426214,0.428478,0.428625,0.428551
0.431093,0.42523,0.427497,0.427644,0.42757
0.430112,0.42425,0.42652,0.426667,0.426593
0.429134,0.423274,0.425547,0.425693,0.42562
0.428161,0.422302,0.424577,0.424724,0.42465
0.427191,0.421334,0.423612,0.423758,0.423685
0.426225,0.42037,0.42265,0.422796,0.422723
0.425263,0.41941,0.421692,0.421839,0.421765
0.424305,0.418454,0.420738,0.420884,0.420811
0.423351,0.417502,0.419788,0.419934,0.419861
0.4224,0.416553,0.418841,0.418988,0.418914
0.421453,0.415609,0.417899,0.418045,0.417971
0.420509,0.414669,0.41696,0.417106,0.417032
0.419569,0.413732,0.416024,0.41617,0.416097
0.418633,0.412799,0.415093,0.415239,0.415165
0.4177,0.41187,0.414165,0.414311,0.414237
0.416771,0.410944,0.41324,0.413386,0.413313
0.415846,0.410023,0.41232,0.412465,0.412392
0.414924,0.409105,0.411403,0.411548,0.411475
0.414005,0.40819,0.410489,0.410635,0.410562
0.41309,0.40728,0.409579,0.409725,0.409651
0.412179,0.406373,0.408673,0.408818,0.408745
0.411271,0.405469,0.40777,0.407915,0.407842
0.410366,0.404569,0.40687,0.407015,0.406942
0.409465,0.403673,0.405974,0.406119,0.406046
0.408567,0.40278,0.405082,0.405227,0.405154
0.407673,0.401891,0.404193,0.404337,0.404265
0.406782,0.401005,0.403307,0.403452,0.403379
0.405894,0.400123,0.402425,0.402569,0.402497
0.40501,0.399244,0.401546,0.40169,0.401618
0.404129,0.398369,0.40067,0.400814,0.400742
0.403251,0.397497,0.399798,0.399942,0.39987
0.402377,0.396628,0.398929,0.399073,0.399001
0.401505,0.395763,0.398063,0.398207,0.398135
0.400637,0.394901,0.397201,0.397345,0.397273
0.399773,0.394043,0.396342,0.396485,0.396413
0.398911,0.393188,0.395486,0.395629,0.395557
0.398053,0.392336,0.394634,0.394777,0.394705
0.397198,0.391487,0.393784,0.393927,0.393855
0.396346,0.390642,0.392938,0.393081,0.393009
0.395497,0.389799,0.392095,0.392237,0.392166
0.394651,0.38896,0.391255,0.391397,0.391326
0.393809,0.388125,0.390418,0.39056,0.390489
0.392969,0.387292,0.389584,0.389727,0.389655
0.392133,0.386463,0.388754,0.388896,0.388825
0.391299,0.385636,0.387926,0.388068,0.387997
0.390469,0.384813,0.387102,0.387243,0.387172
0.389642,0.383993,0.386281,0.386422,0.386351
0.388817,0.383176,0.385462,0.385603,0.385533
0.387996,0.382362,0.384647,0.384788,0.384717
0.387178,0.381551,0.383835,0.383975,0.383905
0.386362,0.380743,0.383025,0.383166,0.383095
0.38555,0.379939,0.382219,0.382359,0.382289
0.384741,0.379137,0.381415,0.381556,0.381485
0.383934,0.378338,0.380615,0.380755,0.380685
0.38313,0.377542,0.379817,0.379957,0.379887
0.38233,0.376749,0.379022,0.379162,0.379092
0.381532,0.375959,0.378231,0.37837,0.3783
0.380737,0.375172,0.377442,0.377581,0.377511
0.379944,0.374388,0.376656,0.376795,0.376725
0.379155,0.373606,0.375872,0.376011,0.375941
0.378368,0.372828,0.375092,0.375231,0.375161
0.377585,0.372052,0.374314,0.374453,0.374383
0.376804,0.371279,0.373539,0.373678,0.373608
0.376026,0.370509,0.372767,0.372905,0.372836
0.37525,0.369742,0.371998,0.372136,0.372067
0.374477,0.368978,0.371232,0.371369,0.3713
0.373707,0.368216,0.370468,0.370605,0.370536
0.37294,0.367457,0.369707,0.369844,0.369775
0.372176,0.366701,0.368948,0.369085,0.369016
0.371414,0.365948,0.368193,0.368329,0.368261
0.370654,0.365197,0.36744,0.367576,0.367508
0.369898,0.364449,0.366689,0.366825,0.366757
0.369144,0.363704,0.365941,0.366078,0.366009
0.368393,0.362961,0.365196,0.365332,0.365264
0.367644,0.362221,0.364454,0.36459,0.364521
0.366898,0.361484,0.363714,0.36385,0.363782
0.366155,0.360749,0.362977,0.363112,0.363044
0.365414,0.360017,0.362242,0.362377,0.362309
0.364675,0.359287,0.36151,0.361645,0.361577
0.36394,0.35856,0.36078,0.360915,0.360848
0.363206,0.357836,0.360053,0.360188,0.36012
0.362476,0.357114,0.359329,0.359463,0.359396
0.361748,0.356394,0.358607,0.358741,0.358674
0.361022,0.355677,0.357888,0.358021,0.357954
0.360299,0.354963,0.357171,0.357304,0.357237
0.359578,0.354251,0.356456,0.356589,0.356522
0.35886,0.353542,0.355744,0.355877,0.35581
0.358144,0.352835,0.355034,0.355167,0.355101
0.357431,0.352131,0.354327,0.35446,0.354393
0.35672,0.351429,0.353623,0.353755,0.353688
0.356011,0.350729,0.35292,0.353052,0.352986
0.355305,0.350032,0.35222,0.352352,0.352286
0.354602,0.349337,0.351523,0.351654,0.351588
0.3539,0.348645,0.350828,0.350959,0.350893
0.353201,0.347955,0.350135,0.350266,0.3502
0.352505,0.347268,0.349444,0.349575,0.34951
0.351811,0.346582,0.348756,0.348887,0.348822
0.351119,0.3459,0.348071,0.348201,0.348136
0.350429,0.345219,0.347387,0.347518,0.347452
0.349742,0.344541,0.346706,0.346836,0.346771
0.349057,0.343865,0.346027,0.346157,0.346092
0.348374,0.343191,0.345351,0.34548,0.345415
0.347694,0.34252,0.344676,0.344806,0.344741
0.347016,0.341851,0.344004,0.344134,0.344069
0.34634,0.341184,0.343335,0.343464,0.343399
0.345666,0.34052,0.342667,0.342796,0.342731
0.344995,0.339857,0.342002,0.34213,0.342066
0.344326,0.339197,0.341339,0.341467,0.341403
0.343659,0.338539,0.340678,0.340806,0.340742
0.342994,0.337884,0.340019,0.340147,0.340083
0.342332,0.33723,0.339363,0.33949,0.339426
0.341671,0.336579,0.338708,0.338836,0.338772
0.341013,0.33593,0.338056,0.338183,0.33812
0.340357,0.335283,0.337406,0.337533,0.337469
0.339703,0.334638,0.336758,0.336885,0.336821
0.339052,0.333995,0.336113,0.336239,0.336176
0.338402,0.333355,0.335469,0.335595,0.335532
0.337755,0.332716,0.334827,0.334954,0.33489
0.337109,0.33208,0.334188,0.334314,0.334251
0.336466,0.331446,0.333551,0.333676,0.333613
0.335825,0.330814,0.332916,0.333041,0.332978
0.335186,0.330184,0.332282,0.332408,0.332345
0.334549,0.329556,0.331651,0.331776,0.331714
0.333914,0.32893,0.331022,0.331147,0.331084
0.333281,0.328306,0.330395,0.33052,0.330457
0.332651,0.327684,0.32977,0.329895,0.329832
0.332022,0.327064,0.329147,0.329271,0.329209
0.331395,0.326446,0.328526,0.32865,0.328588
0.33077,0.325831,0.327907,0.328031,0.327969
0.330148,0.325217,0.327291,0.327414,0.327352
0.329527,0.324605,0.326676,0.326799,0.326737
0.328908,0.323995,0.326063,0.326186,0.326124
0.328291,0.323387,0.325452,0.325574,0.325513
0.327677,0.322781,0.324843,0.324965,0.324904
0.327064,0.322178,0.324235,0.324358,0.324296
0.326453,0.321575,0.32363,0.323752,0.323691
0.325844,0.320975,0.323027,0.323149,0.323088
0.325237,0.320377,0.322426,0.322547,0.322486
0.324632,0.319781,0.321826,0.321948,0.321887
0.324029,0.319187,0.321229,0.32135,0.321289
0.323427,0.318594,0.320633,0.320754,0.320693
0.322828,0.318004,0.320039,0.32016,0.3201
0.322231,0.317415,0.319448,0.319568,0.319508
0.321635,0.316828,0.318858,0.318978,0.318918
0.321041,0.316243,0.318269,0.31839,0.318329
0.320449,0.31566,0.317683,0.317803,0.317743
0.319859,0.315079,0.317099,0.317218,0.317158
0.319271,0.314499,0.316516,0.316636,0.316576
0.318685,0.313921,0.315935,0.316055,0.315995
0.318101,0.313346,0.315356,0.315475,0.315416
0.317518,0.312772,0.314779,0.314898,0.314838
0.316937,0.312199,0.314204,0.314322,0.314263
0.316358,0.311629,0.31363,0.313749,0.313689
0.315781,0.31106,0.313058,0.313177,0.313117
0.315205,0.310493,0.312488,0.312606,0.312547
0.314632,0.309928,0.31192,0.312038,0.311979
0.31406,0.309365,0.311354,0.311471,0.311412
0.31349,0.308803,0.310789,0.310906,0.310847
0.312921,0.308244,0.310226,0.310343,0.310284
0.312355,0.307685,0.309665,0.309782,0.309723
0.31179,0.307129,0.309105,0.309222,0.309163
0.311227,0.306574,0.308547,0.308664,0.308605
0.310665,0.306021,0.307991,0.308107,0.308049
0.310105,0.30547,0.307437,0.307553,0.307495
0.309548,0.30492,0.306884,0.307,0.306942
0.308991,0.304372,0.306333,0.306449,0.306391
0.308437,0.303826,0.305784,0.305899,0.305841
0.307884,0.303282,0.305236,0.305351,0.305294
0.307333,0.302739,0.30469,0.304805,0.304747
0.306783,0.302198,0.304146,0.304261,0.304203
0.306235,0.301658,0.303603,0.303718,0.30366
0.305689,0.30112,0.303062,0.303176,0.303119
0.305144,0.300584,0.302523,0.302637,0.30258
0.304601,0.300049,0.301985,0.302099,0.302042
0.30406,0.299516,0.301449,0.301562,0.301505
0.30352,0.298984,0.300914,0.301028,0.300971
0.302982,0.298454,0.300381,0.300495,0.300438
0.302446,0.297926,0.29985,0.299963,0.299906
0.301911,0.2974,0.29932,0.299433,0.299376
0.301378,0.296874,0.298792,0.298905,0.298848
0.300846,0.296351,0.298265,0.298378,0.298322
0.300316,0.295829,0.29774,0.297853,0.297796
0.299788,0.295309,0.297217,0.297329,0.297273
0.299261,0.29479,0.296695,0.296807,0.296751
0.298736,0.294272,0.296175,0.296287,0.296231
0.298212,0.293757,0.295656,0.295768,0.295712
0.29769,0.293242,0.295139,0.29525,0.295194
0.297169,0.29273,0.294623,0.294734,0.294678
0.29665,0.292218,0.294109,0.29422,0.294164
0.296133,0.291709,0.293596,0.293707,0.293651
0.295617,0.291201,0.293085,0.293196,0.29314
0.295102,0.290694,0.292575,0.292686,0.29263
0.294589,0.290189,0.292067,0.292177,0.292122
0.294078,0.289685,0.291561,0.291671,0.291615
0.293568,0.289183,0.291056,0.291165,0.29111
0.293059,0.288682,0.290552,0.290661,0.290606
0.292552,0.288183,0.29005,0.290159,0.290104
0.292047,0.287685,0.289549,0.289658,0.289603
0.291543,0.287189,0.28905,0.289159,0.289104
0.29104,0.286694,0.288552,0.288661,0.288606
0.290539,0.2862,0.288055,0.288164,0.28811
0.290039,0.285708,0.28756,0.287669,0.287614
0.289541,0.285218,0.287067,0.287175,0.287121
0.289044,0.284729,0.286575,0.286683,0.286629
0.288549,0.284241,0.286084,0.286192,0.286138
0.288055,0.283755,0.285595,0.285703,0.285649
0.287563,0.28327,0.285107,0.285215,0.285161
0.287072,0.282786,0.284621,0.284728,0.284674
0.286582,0.282304,0.284136,0.284243,0.284189
0.286094,0.281823,0.283652,0.283759,0.283705
0.285607,0.281344,0.28317,0.283277,0.283223
0.285122,0.280866,0.282689,0.282796,0.282742
0.284638,0.280389,0.28221,0.282316,0.282263
0.284155,0.279914,0.281732,0.281838,0.281784
0.283674,0.27944,0.281255,0.281361,0.281308
0.283194,0.278968,0.280779,0.280885,0.280832
0.282715,0.278496,0.280305,0.280411,0.280358
0.282238,0.278027,0.279833,0.279938,0.279885
0.281762,0.277558,0.279361,0.279467,0.279414
0.281288,0.277091,0.278891,0.278996,0.278944
0.280815,0.276625,0.278423,0.278528,0.278475
0.280343,0.276161,0.277956,0.27806,0.278008
0.279873,0.275697,0.27749,0.277594,0.277542
0.279404,0.275235,0.277025,0.277129,0.277077
0.278936,0.274775,0.276561,0.276666,0.276613
0.27847,0.274316,0.276099,0.276203,0.276151
0.278004,0.273857,0.275639,0.275742,0.27569
0.277541,0.273401,0.275179,0.275283,0.275231
0.277078,0.272945,0.274721,0.274824,0.274772
0.276617,0.272491,0.274264,0.274367,0.274315
0.276157,0.272038,0.273808,0.273911,0.27386
0.275698,0.271587,0.273354,0.273457,0.273405
0.275241,0.271136,0.272901,0.273004,0.272952
0.274785,0.270687,0.272449,0.272552,0.2725
0.27433,0.270239,0.271999,0.272101,0.27205
0.273877,0.269793,0.271549,0.271651,0.2716
0.273424,0.269347,0.271101,0.271203,0.271152
0.272973,0.268903,0.270654,0.270756,0.270705
0.272524,0.26846,0.270209,0.27031,0.270259
0.272075,0.268018,0.269764,0.269866,0.269815
0.271628,0.267578,0.269321,0.269423,0.269372
0.271182,0.267139,0.268879,0.26898,0.26893
0.270737,0.266701,0.268439,0.26854,0.268489
0.270293,0.266264,0.267999,0.2681,0.268049
0.269851,0.265828,0.267561,0.267662,0.267611
0.26941,0.265394,0.267124,0.267224,0.267174
0.26897,0.264961,0.266688,0.266788,0.266738
0.268531,0.264528,0.266253,0.266353,0.266303
0.268094,0.264098,0.26582,0.26592,0.26587
0.267657,0.263668,0.265387,0.265487,0.265437
0.267222,0.263239,0.264956,0.265056,0.265006
0.266788,0.262812,0.264526,0.264626,0.264576
0.266356,0.262386,0.264098,0.264197,0.264147
0.265924,0.261961,0.26367,0.263769,0.263719
0.265494,0.261537,0.263244,0.263343,0.263293
0.265064,0.261114,0.262818,0.262917,0.262867
0.264636,0.260692,0.262394,0.262493,0.262443
0.264209,0.260272,0.261971,0.26207,0.26202
0.263784,0.259853,0.261549,0.261648,0.261598
0.263359,0.259434,0.261128,0.261227,0.261177
0.262935,0.259017,0.260709,0.260807,0.260758
0.262513,0.258601,0.26029,0.260388,0.260339
0.262092,0.258187,0.259873,0.259971,0.259922
0.261672,0.257773,0.259457,0.259554,0.259505
0.261253,0.25736,0.259042,0.259139,0.25909
0.260835,0.256949,0.258628,0.258725,0.258676
0.260418,0.256538,0.258215,0.258312,0.258263
0.260003,0.256129,0.257803,0.2579,0.257851
0.259588,0.255721,0.257392,0.257489,0.257441
0.259175,0.255314,0.256983,0.257079,0.257031
0.258763,0.254908,0.256574,0.256671,0.256622
0.258352,0.254503,0.256167,0.256263,0.256215
0.257942,0.254099,0.255761,0.255857,0.255809
0.257533,0.253696,0.255355,0.255451,0.255403
0.257125,0.253294,0.254951,0.255047,0.254999
0.256718,0.252893,0.254548,0.254644,0.254596
0.256312,0.252494,0.254146,0.254241,0.254194
0.255908,0.252095,0.253745,0.25384,0.253793
0.255504,0.251698,0.253345,0.25344,0.253393
0.255101,0.251301,0.252946,0.253041,0.252994
0.2547,0.250906,0.252548,0.252643,0.252596
0.2543,0.250511,0.252152,0.252246,0.252199
0.2539,0.250118,0.251756,0.25185,0.251803
0.253502,0.249726,0.251361,0.251456,0.251408
0.253105,0.249334,0.250967,0.251062,0.251014
0.252708,0.248944,0.250575,0.250669,0.250622
0.252313,0.248555,0.250183,0.250277,0.25023
0.251919,0.248166,0.249793,0.249886,0.249839
0.251526,0.247779,0.249403,0.249497,0.24945
0.251134,0.247393,0.249014,0.249108,0.249061
0.250743,0.247008,0.248627,0.24872,0.248673
0.250353,0.246623,0.24824,0.248334,0.248287
0.249964,0.24624,0.247855,0.247948,0.247901
0.249576,0.245858,0.24747,0.247563,0.247516
0.249189,0.245477,0.247087,0.247179,0.247133
0.248803,0.245096,0.246704,0.246797,0.24675
0.248418,0.244717,0.246322,0.246415,0.246369
0.248034,0.244339,0.245942,0.246034,0.245988
0.247651,0.243961,0.245562,0.245654,0.245608
0.247268,0.243585,0.245183,0.245276,0.245229
0.246887,0.243209,0.244806,0.244898,0.244852
0.246507,0.242835,0.244429,0.244521,0.244475
0.246128,0.242462,0.244053,0.244145,0.244099
0.24575,0.242089,0.243679,0.24377,0.243724
0.245373,0.241717,0.243305,0.243396,0.24335
0.244997,0.241347,0.242932,0.243023,0.242977
0.244621,0.240977,0.24256,0.242651,0.242605
0.244247,0.240608,0.242189,0.24228,0.242234
0.243874,0.24024,0.241819,0.24191,0.241864
0.243501,0.239873,0.24145,0.241541,0.241495
0.24313,0.239508,0.241082,0.241172,0.241127
0.242759,0.239142,0.240714,0.240805,0.24076
0.24239,0.238778,0.240348,0.240438,0.240393
0.242021,0.238415,0.239983,0.240073,0.240028
0.241653,0.238053,0.239618,0.239708,0.239663
0.241287,0.237691,0.239255,0.239345,0.2393
0.240921,0.237331,0.238892,0.238982,0.238937
0.240556,0.236971,0.23853,0.23862,0.238575
0.240192,0.236613,0.23817,0.238259,0.238214
0.239829,0.236255,0.23781,0.237899,0.237854
0.239467,0.235898,0.237451,0.23754,0.237495
0.239105,0.235542,0.237093,0.237182,0.237137
0.238745,0.235187,0.236736,0.236825,0.23678
0.238386,0.234833,0.236379,0.236468,0.236424
0.238027,0.23448,0.236024,0.236113,0.236068
0.237669,0.234127,0.235669,0.235758,0.235714
0.237313,0.233776,0.235316,0.235404,0.23536
0.236957,0.233425,0.234963,0.235051,0.235007
0.236602,0.233075,0.234611,0.234699,0.234655
0.236248,0.232726,0.23426,0.234348,0.234304
0.235895,0.232378,0.23391,0.233998,0.233954
0.235542,0.232031,0.233561,0.233649,0.233604
0.235191,0.231685,0.233212,0.2333,0.233256
0.23484,0.231339,0.232865,0.232952,0.232908
0.23449,0.230995,0.232518,0.232606,0.232562
0.234142,0.230651,0.232172,0.23226,0.232216
0.233793,0.230308,0.231827,0.231914,0.231871
0.233446,0.229966,0.231483,0.23157,0.231527
0.2331,0.229624,0.23114,0.231227,0.231183
0.232755,0.229284,0.230797,0.230884,0.230841
0.23241,0.228944,0.230456,0.230542,0.230499
0.232066,0.228606,0.230115,0.230202,0.230158
0.231723,0.228268,0.229775,0.229862,0.229818
0.231381,0.227931,0.229436,0.229522,0.229479
0.23104,0.227594,0.229098,0.229184,0.229141
0.2307,0.227259,0.22876,0.228846,0.228803
0.23036,0.226924,0.228424,0.22851,0.228467
0.230021,0.22659,0.228088,0.228174,0.228131
0.229683,0.226257,0.227753,0.227839,0.227796
0.229346,0.225925,0.227419,0.227504,0.227461
0.22901,0.225594,0.227085,0.227171,0.227128
0.228675,0.225263,0.226753,0.226838,0.226795
0.22834,0.224933,0.226421,0.226506,0.226464
0.228006,0.224604,0.22609,0.226175,0.226133
0.227673,0.224276,0.22576,0.225845,0.225802
0.227341,0.223949,0.225431,0.225515,0.225473
0.22701,0.223622,0.225102,0.225187,0.225144
0.226679,0.223296,0.224774,0.224859,0.224816
0.226349,0.222971,0.224447,0.224532,0.224489
0.22602,0.222647,0.224121,0.224205,0.224163
0.225692,0.222323,0.223796,0.22388,0.223838
0.225364,0.222001,0.223471,0.223555,0.223513
0.225038,0.221679,0.223147,0.223231,0.223189
0.224712,0.221357,0.222824,0.222908,0.222866
0.224387,0.221037,0.222502,0.222586,0.222544
0.224063,0.220717,0.22218,0.222264,0.222222
0.223739,0.220398,0.221859,0.221943,0.221901
0.223416,0.22008,0.221539,0.221623,0.221581
0.223094,0.219763,0.22122,0.221303,0.221262
0.222773,0.219446,0.220902,0.220985,0.220943
0.222453,0.21913,0.220584,0.220667,0.220625
0.222133,0.218815,0.220267,0.22035,0.220308
0.221814,0.218501,0.219951,0.220034,0.219992
0.221496,0.218187,0.219635,0.219718,0.219676
0.221178,0.217874,0.21932,0.219403,0.219362
0.220862,0.217562,0.219006,0.219089,0.219048
0.220546,0.217251,0.218693,0.218776,0.218734
0.22023,0.21694,0.218381,0.218463,0.218422
0.219916,0.21663,0.218069,0.218151,0.21811
0.219602,0.216321,0.217758,0.21784,0.217799
0.219289,0.216012,0.217447,0.217529,0.217488
0.218977,0.215704,0.217138,0.21722,0.217179
0.218666,0.215397,0.216829,0.216911,0.21687
0.218355,0.215091,0.216521,0.216603,0.216562
0.218045,0.214785,0.216213,0.216295,0.216254
0.217735,0.21448,0.215907,0.215988,0.215947
0.217427,0.214176,0.215601,0.215682,0.215641
0.217119,0.213872,0.215295,0.215377,0.215336
0.216812,0.21357,0.214991,0.215072,0.215031
0.216505,0.213268,0.214687,0.214768,0.214727
0.2162,0.212966,0.214384,0.214465,0.214424
0.215895,0.212665,0.214081,0.214162,0.214122
0.21559,0.212365,0.21378,0.21386,0.21382
0.215287,0.212066,0.213479,0.213559,0.213519
0.214984,0.211768,0.213178,0.213259,0.213218
0.214682,0.21147,0.212879,0.212959,0.212919
0.21438,0.211172,0.21258,0.21266,0.21262
0.214079,0.210876,0.212281,0.212361,0.212321
0.213779,0.21058,0.211984,0.212064,0.212024
0.21348,0.210285,0.211687,0.211767,0.211727
0.213181,0.20999,0.211391,0.21147,0.21143
0.212883,0.209696,0.211095,0.211175,0.211135
0.212586,0.209403,0.2108,0.21088,0.21084
0.212289,0.209111,0.210506,0.210586,0.210546
0.211993,0.208819,0.210213,0.210292,0.210252
0.211698,0.208528,0.20992,0.209999,0.209959
0.211403,0.208237,0.209627,0.209707,0.209667
0.211109,0.207947,0.209336,0.209415,0.209375
0.210816,0.207658,0.209045,0.209124,0.209085
0.210523,0.20737,0.208755,0.208834,0.208794
0.210231,0.207082,0.208465,0.208544,0.208505
0.20994,0.206795,0.208177,0.208255,0.208216
0.209649,0.206508,0.207888,0.207967,0.207928
0.209359,0.206222,0.207601,0.207679,0.20764
0.20907,0.205937,0.207314,0.207392,0.207353
0.208781,0.205652,0.207028,0.207106,0.207067
0.208493,0.205368,0.206742,0.20682,0.206781
0.208206,0.205085,0.206457,0.206535,0.206496
0.207919,0.204802,0.206173,0.206251,0.206212
0.207633,0.20452,0.205889,0.205967,0.205928
0.207348,0.204239,0.205606,0.205684,0.205645
0.207063,0.203958,0.205324,0.205401,0.205362
0.206779,0.203678,0.205042,0.205119,0.205081
0.206495,0.203398,0.204761,0.204838,0.204799
0.206213,0.203119,0.20448,0.204558,0.204519
0.20593,0.202841,0.2042,0.204278,0.204239
0.205649,0.202563,0.203921,0.203998,0.20396
0.205368,0.202286,0.203642,0.20372,0.203681
0.205088,0.20201,0.203364,0.203441,0.203403
0.204808,0.201734,0.203087,0.203164,0.203125
0.204529,0.201459,0.20281,0.202887,0.202849
0.20425,0.201184,0.202534,0.202611,0.202572
0.203973,0.20091,0.202259,0.202335,0.202297
0.203695,0.200637,0.201984,0.20206,0.202022
0.203419,0.200364,0.201709,0.201786,0.201748
0.203143,0.200092,0.201436,0.201512,0.201474
0.202867,0.199821,0.201163,0.201239,0.201201
0.202593,0.19955,0.20089,0.200966,0.200928
0.202319,0.199279,0.200618,0.200694,0.200656
0.202045,0.19901,0.200347,0.200423,0.200385
0.201772,0.198741,0.200076,0.200152,0.200114
0.2015,0.198472,0.199806,0.199882,0.199844
0.201228,0.198204,0.199537,0.199612,0.199574
0.200957,0.197937,0.199268,0.199343,0.199306
0.200686,0.19767,0.199,0.199075,0.199037
0.200417,0.197404,0.198732,0.198807,0.198769
0.200147,0.197138,0.198465,0.19854,0.198502
0.199878,0.196873,0.198198,0.198273,0.198236
0.19961,0.196609,0.197932,0.198007,0.19797
0.199343,0.196345,0.197667,0.197742,0.197704
0.199076,0.196081,0.197402,0.197477,0.197439
0.198809,0.195819,0.197138,0.197213,0.197175
0.198544,0.195557,0.196874,0.196949,0.196911
0.198278,0.195295,0.196611,0.196686,0.196648
0.198014,0.195034,0.196349,0.196423,0.196386
0.19775,0.194774,0.196087,0.196161,0.196124
0.197486,0.194514,0.195825,0.1959,0.195862
0.197223,0.194254,0.195564,0.195639,0.195602
0.196961,0.193996,0.195304,0.195378,0.195341
0.196699,0.193737,0.195045,0.195119,0.195082
0.196438,0.19348,0.194786,0.19486,0.194822
0.196177,0.193223,0.194527,0.194601,0.194564
0.195917,0.192966,0.194269,0.194343,0.194306
0.195658,0.19271,0.194012,0.194085,0.194048
0.195399,0.192455,0.193755,0.193828,0.193791
0.19514,0.1922,0.193498,0.193572,0.193535
0.194882,0.191946,0.193243,0.193316,0.193279
0.194625,0.191692,0.192987,0.193061,0.193024
0.194368,0.191439,0.192733,0.192806,0.192769
0.194112,0.191186,0.192479,0.192552,0.192515
0.193856,0.190934,0.192225,0.192298,0.192262
0.193601,0.190682,0.191972,0.192045,0.192008
0.193347,0.190431,0.19172,0.191793,0.191756
0.193093,0.190181,0.191468,0.19154,0.191504
0.192839,0.189931,0.191216,0.191289,0.191253
0.192586,0.189681,0.190965,0.191038,0.191002
0.192334,0.189432,0.190715,0.190788,0.190751
0.192082,0.189184,0.190465,0.190538,0.190501
0.191831,0.188936,0.190216,0.190288,0.190252
0.19158,0.188689,0.189967,0.19004,0.190003
0.19133,0.188442,0.189719,0.189791,0.189755
0.19108,0.188196,0.189471,0.189543,0.189507
0.190831,0.18795,0.189224,0.189296,0.18926
0.190582,0.187705,0.188978,0.189049,0.189013
0.190334,0.18746,0.188731,0.188803,0.188767
0.190087,0.187216,0.188486,0.188558,0.188522
0.18984,0.186972,0.188241,0.188312,0.188277
0.189593,0.186729,0.187996,0.188068,0.188032
0.189347,0.186486,0.187752,0.187824,0.187788
0.189102,0.186244,0.187509,0.18758,0.187544
0.188857,0.186002,0.187266,0.187337,0.187301
0.188612,0.185761,0.187023,0.187094,0.187059
0.188368,0.18552,0.186781,0.186852,0.186817
0.188125,0.18528,0.18654,0.186611,0.186575
0.187882,0.185041,0.186299,0.18637,0.186334
0.187639,0.184802,0.186058,0.186129,0.186094
0.187397,0.184563,0.185818,0.185889,0.185854
0.187156,0.184325,0.185579,0.185649,0.185614
0.186915,0.184087,0.18534,0.18541,0.185375
0.186675,0.18385,0.185101,0.185172,0.185136
0.186435,0.183613,0.184863,0.184934,0.184898
0.186195,0.183377,0.184626,0.184696,0.184661
0.185956,0.183142,0.184389,0.184459,0.184424
0.185718,0.182906,0.184152,0.184223,0.184187
0.18548,0.182672,0.183916,0.183987,0.183951
0.185243,0.182438,0.183681,0.183751,0.183716
0.185006,0.182204,0.183446,0.183516,0.183481
0.184769,0.181971,0.183211,0.183281,0.183246
0.184533,0.181738,0.182977,0.183047,0.183012
0.184298,0.181506,0.182744,0.182813,0.182778
0.184063,0.181274,0.182511,0.18258,0.182545
0.183829,0.181043,0.182278,0.182348,0.182313
0.183595,0.180812,0.182046,0.182115,0.182081
0.183361,0.180581,0.181814,0.181884,0.181849
0.183128,0.180352,0.181583,0.181652,0.181618
0.182895,0.180122,0.181352,0.181422,0.181387
0.182663,0.179893,0.181122,0.181191,0.181157
0.182432,0.179665,0.180892,0.180962,0.180927
0.182201,0.179437,0.180663,0.180732,0.180698
0.18197,0.179209,0.180434,0.180503,0.180469
0.18174,0.178982,0.180206,0.180275,0.18024
0.18151,0.178756,0.179978,0.180047,0.180012
0.181281,0.17853,0.179751,0.179819,0.179785
0.181052,0.178304,0.179524,0.179592,0.179558
0.180824,0.178079,0.179297,0.179366,0.179331
0.180596,0.177854,0.179071,0.17914,0.179105
0.180369,0.17763,0.178846,0.178914,0.17888
0.180142,0.177406,0.178621,0.178689,0.178655
0.179915,0.177182,0.178396,0.178464,0.17843
0.179689,0.176959,0.178172,0.17824,0.178206
0.179464,0.176737,0.177948,0.178016,0.177982
0.179239,0.176515,0.177725,0.177793,0.177759
0.179014,0.176293,0.177502,0.17757,0.177536
0.17879,0.176072,0.17728,0.177347,0.177313
0.178566,0.175852,0.177058,0.177125,0.177091
0.178343,0.175631,0.176836,0.176904,0.17687
0.17812,0.175412,0.176615,0.176683,0.176649
0.177898,0.175192,0.176395,0.176462,0.176428
0.177676,0.174973,0.176174,0.176242,0.176208
0.177455,0.174755,0.175955,0.176022,0.175988
0.177234,0.174537,0.175735,0.175803,0.175769
0.177013,0.174319,0.175517,0.175584,0.17555
0.176793,0.174102,0.175298,0.175366,0.175332
0.176573,0.173885,0.17508,0.175148,0.175114
0.176354,0.173669,0.174863,0.17493,0.174896
0.176135,0.173453,0.174646,0.174713,0.174679
0.175917,0.173238,0.174429,0.174496,0.174463
0.175699,0.173023,0.174213,0.17428,0.174246
0.175481,0.172808,0.173997,0.174064,0.174031
0.175264,0.172594,0.173782,0.173849,0.173815
0.175048,0.17238,0.173567,0.173634,0.1736
0.174832,0.172167,0.173352,0.173419,0.173386
0.174616,0.171954,0.173138,0.173205,0.173172
0.1744,0.171742,0.172925,0.172991,0.172958
0.174186,0.17153,0.172712,0.172778,0.172745
0.173971,0.171318,0.172499,0.172565,0.172532
0.173757,0.171107,0.172286,0.172353,0.17232
0.173543,0.170896,0.172075,0.172141,0.172108
0.17333,0.170686,0.171863,0.171929,0.171896
0.173117,0.170476,0.171652,0.171718,0.171685
0.172905,0.170267,0.171441,0.171507,0.171474
0.172693,0.170058,0.171231,0.171297,0.171264
0.172482,0.169849,0.171021,0.171087,0.171054
0.172271,0.169641,0.170812,0.170877,0.170844
0.17206,0.169433,0.170603,0.170668,0.170635
0.17185,0.169225,0.170394,0.17046,0.170427
0.17164,0.169018,0.170186,0.170251,0.170219
0.17143,0.168812,0.169978,0.170044,0.170011
0.171221,0.168605,0.169771,0.169836,0.169803
0.171013,0.1684,0.169564,0.169629,0.169596
0.170804,0.168194,0.169357,0.169422,0.16939
0.170597,0.167989,0.169151,0.169216,0.169183
0.170389,0.167785,0.168945,0.16901,0.168978
0.170182,0.16758,0.16874,0.168805,0.168772
0.169976,0.167377,0.168535,0.1686,0.168567
0.169769,0.167173,0.16833,0.168395,0.168363
0.169564,0.16697,0.168126,0.168191,0.168159
0.169358,0.166768,0.167922,0.167987,0.167955
0.169153,0.166565,0.167719,0.167784,0.167751
0.168949,0.166363,0.167516,0.167581,0.167548
0.168745,0.166162,0.167313,0.167378,0.167346
0.168541,0.165961,0.167111,0.167176,0.167143
0.168337,0.16576,0.166909,0.166974,0.166942
0.168134,0.16556,0.166708,0.166772,0.16674
0.167932,0.16536,0.166507,0.166571,0.166539
0.167729,0.165161,0.166306,0.166371,0.166339
0.167528,0.164962,0.166106,0.16617,0.166138
0.167326,0.164763,0.165906,0.16597,0.165938
0.167125,0.164565,0.165707,0.165771,0.165739
0.166925,0.164367,0.165508,0.165572,0.16554
0.166724,0.164169,0.165309,0.165373,0.165341
0.166524,0.163972,0.165111,0.165175,0.165143
0.166325,0.163775,0.164913,0.164977,0.164945
0.166126,0.163578,0.164715,0.164779,0.164747
0.165927,0.163382,0.164518,0.164582,0.16455
0.165729,0.163187,0.164321,0.164385,0.164353
0.165531,0.162991,0.164125,0.164188,0.164157
0.165333,0.162796,0.163929,0.163992,0.163961
0.165136,0.162602,0.163733,0.163797,0.163765
0.164939,0.162408,0.163538,0.163601,0.16357
0.164743,0.162214,0.163343,0.163406,0.163375
0.164546,0.16202,0.163148,0.163212,0.16318
0.164351,0.161827,0.162954,0.163017,0.162986
0.164155,0.161635,0.162761,0.162824,0.162792
0.16396,0.161442,0.162567,0.16263,0.162598
0.163766,0.16125,0.162374,0.162437,0.162405
0.163572,0.161059,0.162181,0.162244,0.162213
0.163378,0.160867,0.161989,0.162052,0.16202
0.163184,0.160677,0.161797,0.16186,0.161828
0.162991,0.160486,0.161605,0.161668,0.161637
0.162798,0.160296,0.161414,0.161477,0.161445
0.162606,0.160106,0.161223,0.161286,0.161254
0.162414,0.159917,0.161033,0.161095,0.161064
0.162222,0.159728,0.160843,0.160905,0.160874
0.162031,0.159539,0.160653,0.160715,0.160684
0.16184,0.15935,0.160463,0.160526,0.160494
0.161649,0.159162,0.160274,0.160336,0.160305
0.161459,0.158975,0.160086,0.160148,0.160117
0.161269,0.158787,0.159897,0.159959,0.159928
0.16108,0.1586,0.159709,0.159771,0.15974
0.160891,0.158414,0.159521,0.159583,0.159552
0.160702,0.158228,0.159334,0.159396,0.159365
0.160514,0.158042,0.159147,0.159209,0.159178
0.160325,0.157856,0.158961,0.159022,0.158991
0.160138,0.157671,0.158774,0.158836,0.158805
0.15995,0.157486,0.158588,0.15865,0.158619
0.159763,0.157302,0.158403,0.158464,0.158434
0.159577,0.157117,0.158218,0.158279,0.158248
0.15939,0.156933,0.158033,0.158094,0.158063
0.159204,0.15675,0.157848,0.15791,0.157879
0.159019,0.156567,0.157664,0.157725,0.157695
0.158833,0.156384,0.15748,0.157541,0.157511
0.158648,0.156202,0.157297,0.157358,0.157327
0.158464,0.156019,0.157114,0.157175,0.157144
0.15828,0.155838,0.156931,0.156992,0.156961
0.158096,0.155656,0.156748,0.156809,0.156779
0.157912,0.155475,0.156566,0.156627,0.156597
0.157729,0.155294,0.156384,0.156445,0.156415
0.157546,0.155114,0.156203,0.156264,0.156233
0.157363,0.154934,0.156022,0.156082,0.156052
0.157181,0.154754,0.155841,0.155902,0.155871
0.156999,0.154575,0.15566,0.155721,0.155691
0.156818,0.154395,0.15548,0.155541,0.155511
0.156636,0.154217,0.155301,0.155361,0.155331
0.156456,0.154038,0.155121,0.155181,0.155151
0.156275,0.15386,0.154942,0.155002,0.154972
0.156095,0.153682,0.154763,0.154823,0.154793
0.155915,0.153505,0.154585,0.154645,0.154615
0.155735,0.153328,0.154406,0.154467,0.154437
0.155556,0.153151,0.154229,0.154289,0.154259
0.155377,0.152974,0.154051,0.154111,0.154081
0.155199,0.152798,0.153874,0.153934,0.153904
0.15502,0.152622,0.153697,0.153757,0.153727
0.154842,0.152447,0.153521,0.153581,0.153551
0.154665,0.152272,0.153344,0.153404,0.153374
0.154488,0.152097,0.153169,0.153228,0.153198
0.154311,0.151922,0.152993,0.153053,0.153023
0.154134,0.151748,0.152818,0.152877,0.152848
0.153958,0.151574,0.152643,0.152702,0.152673
0.153782,0.1514,0.152468,0.152528,0.152498
0.153606,0.151227,0.152294,0.152353,0.152324
0.153431,0.151054,0.15212,0.152179,0.15215
0.153256,0.150882,0.151946,0.152006,0.151976
0.153081,0.150709,0.151773,0.151832,0.151803
0.152907,0.150537,0.1516,0.151659,0.15163
0.152733,0.150365,0.151427,0.151487,0.151457
0.152559,0.150194,0.151255,0.151314,0.151284
0.152385,0.150023,0.151083,0.151142,0.151112
0.152212,0.149852,0.150911,0.15097,0.150941
0.152039,0.149682,0.15074,0.150799,0.150769
0.151867,0.149511,0.150568,0.150627,0.150598
0.151695,0.149342,0.150398,0.150457,0.150427
0.151523,0.149172,0.150227,0.150286,0.150256
0.151351,0.149003,0.150057,0.150116,0.150086
0.15118,0.148834,0.149887,0.149946,0.149916
0.151009,0.148665,0.149717,0.149776,0.149747
0.150839,0.148497,0.149548,0.149607,0.149577
0.150668,0.148329,0.149379,0.149438,0.149408
0.150498,0.148161,0.14921,0.149269,0.14924
0.150328,0.147994,0.149042,0.1491,0.149071
0.150159,0.147827,0.148874,0.148932,0.148903
0.14999,0.14766,0.148706,0.148764,0.148735
0.149821,0.147493,0.148539,0.148597,0.148568
0.149653,0.147327,0.148371,0.14843,0.1484
0.149484,0.147161,0.148205,0.148263,0.148234
0.149316,0.146995,0.148038,0.148096,0.148067
0.149149,0.14683,0.147872,0.14793,0.147901
0.148981,0.146665,0.147706,0.147764,0.147735
0.148814,0.1465,0.14754,0.147598,0.147569
0.148648,0.146336,0.147375,0.147432,0.147403
0.148481,0.146172,0.147209,0.147267,0.147238
0.148315,0.146008,0.147045,0.147102,0.147073
0.148149,0.145844,0.14688,0.146938,0.146909
0.147984,0.145681,0.146716,0.146773,0.146745
0.147819,0.145518,0.146552,0.146609,0.146581
0.147654,0.145355,0.146388,0.146446,0.146417
0.147489,0.145193,0.146225,0.146282,0.146254
0.147325,0.14503,0.146062,0.146119,0.14609
0.147161,0.144869,0.145899,0.145956,0.145928
0.146997,0.144707,0.145736,0.145794,0.145765
0.146833,0.144546,0.145574,0.145631,0.145603
0.14667,0.144385,0.145412,0.145469,0.145441
0.146507,0.144224,0.145251,0.145308,0.145279
0.146344,0.144064,0.145089,0.145146,0.145118
0.146182,0.143903,0.144928,0.144985,0.144957
0.14602,0.143744,0.144767,0.144824,0.144796
0.145858,0.143584,0.144607,0.144664,0.144635
0.145697,0.143425,0.144447,0.144504,0.144475
0.145536,0.143266,0.144287,0.144344,0.144315
0.145375,0.143107,0.144127,0.144184,0.144155
0.145214,0.142948,0.143968,0.144024,0.143996
0.145054,0.14279,0.143809,0.143865,0.143837
0.144894,0.142632,0.14365,0.143706,0.143678
0.144734,0.142475,0.143491,0.143548,0.143519
0.144574,0.142317,0.143333,0.143389,0.143361
0.144415,0.14216,0.143175,0.143231,0.143203
0.144256,0.142003,0.143017,0.143074,0.143045
0.144097,0.141847,0.14286,0.142916,0.142888
0.143939,0.141691,0.142703,0.142759,0.142731
0.143781,0.141535,0.142546,0.142602,0.142574
0.143623,0.141379,0.142389,0.142445,0.142417
0.143465,0.141223,0.142233,0.142289,0.142261
0.143308,0.141068,0.142077,0.142133,0.142105
0.143151,0.140913,0.141921,0.141977,0.141949
0.142994,0.140759,0.141765,0.141821,0.141793
0.142838,0.140604,0.14161,0.141666,0.141638
0.142681,0.14045,0.141455,0.141511,0.141483
0.142525,0.140296,0.1413,0.141356,0.141328
0.14237,0.140143,0.141146,0.141202,0.141174
0.142214,0.139989,0.140992,0.141047,0.141019
0.142059,0.139836,0.140838,0.140893,0.140865
0.141904,0.139684,0.140684,0.14074,0.140712
0.14175,0.139531,0.140531,0.140586,0.140558
0.141595,0.139379,0.140378,0.140433,0.140405
0.141441,0.139227,0.140225,0.14028,0.140252
0.141287,0.139075,0.140072,0.140127,0.1401
ITEREND,ITEREND,ITEREND,ITEREND,ITEREND
